image (27).jpg,b659d6396a9f6bdef982913e8a67f428cfa7c86bde8e3967559b91b171ffd7cf
image (6).jpg,cd13a2b1cfeb62dd4532066e6682461b88f47c8630b8fe51999d98cf7c99239d
image (47).jpg,b962a19d16d60d2a1a5dde500795e76f422d806e22293b3979294a1e5b5602e9
image (17).jpg,c1009b0607c77c9f94d3e18063b911a86ce9c54d270e1bd1ad242d515b439a59
image (68).jpg,26b4d5f957d1fff2246ee9751eddac46511c0d316e1422a612954a4f2cd4bb68
image (11).jpg,7d5aa299cda7d54d66f6896db6a0a20ed5b7f82fd812cfee72b04b19efa993ea
image (52).jpg,236f5f9319bbda3e2032efd839dbca44792c909ed1f41533cddafc4ec455f053
image13.jpg,01dfa2e0e6fb3640e5f26bedb74588330bd3520b6ea5b226386fa31bd68e9f68
image (48).jpg,c201e7c0d3961f67f1ac8500a4dac7f09f918546f657026ddef8c62f01a1c61d
image (79).jpg,7385013b0cf64228aef7b06ae153f941e8a25dc048f201defdeab6279ecfeb95
image9.jpg,b797466621cbac1abe1a9cd1b11dd64aab38af8db7cfda7ff99c26daa1e83505
image (19).jpg,3c3ca1d6dc5ce848a5e578d88009fd1285159a8800bb4db8a94fa4705f1f1bdf
image (74).jpg,98ff3163e988dcbbdc0cdd76cc71b3a2e48de0f4a4249792d12286df66fa12e1
image (13).jpg,68b0e1b9d1e8d3f73b57adb15acecb683419a88ab44ddb392da65613b1707237
image11.jpg,4e5dbb462ffd41420a25eaa516780fe888df4bf2271fec94e7a4ead6617ea488
image3.jpg,dde8b80e553e9a53565d4266308b2aabbfa5e19b9f17b16c6338e37cae483c22
image (40).jpg,0b4b4e836d2d4346bccdf8ac0c5f4d5ea686d94c4b64c0eb8111e2a05de3b93f
image (73).jpg,59a2a743aa2f0876238213319d19324e6dbdc49a3f0e26ca79d2739de09b10a2
image6.jpg,1000928666400c72771db1e04434d4956c426781a669f5b9d76992b361a0f553
image (34).jpg,5b8423deb52cc6cc2372c2c96394ac1dd5b4b2eb154d8f44238c6d67e5f82013
image (5).jpg,59540e150422e7f88fe4c92797b2f46e19d7a52720d08b34860da3adc5a3fda2
image (69).jpg,b2e94e1fa004177e5c6b439beb5fa316e81ac74d68bf3326c881394f918d16a1
image1.jpg,0f39d9b92503f68d125918f5178eb709f755479408bcc699dca5ccff3538e94e
image (82).jpg,1b6f328b41b5261ce78a4f1181208df4b155bda51c0d6f8bf7b429429d935dd1
image (54).jpg,5a5551ba8607d78abfa03355ed0a07c5e0c9afd82250ce4aa973e1d4ff5236e8
image (44).jpg,eb3ab54a2a5dab014fd2f3b5d59dd7ce84beeb1c0494d105409e3734bb5ba754
image (70).jpg,d280ffe9c4fcc89658c993ae89e3b7febcd737a97741b2e75b4c10956b84e661
image (55).jpg,7155ea7f6c50de20724d6a0b9b4f9f37246b1b541c9f41cff2b9422f38de694f
image (37).jpg,0d2d64c2ffd39be849e4ad2228aa02d56d5705969385ce1638cd6ccdf8b537b8
image (87).jpg,cb4fd6554567d316bdc0acf00e7cf3def0b592d002933d1a38870a8cea37fe10
image (33).jpg,794711c920b6f7ea0757ae4e8ce37cfab8d30f8816d7666848c424672de409bd
image (84).jpg,41e2160e2c426abbc7688ee0d642ebf4cea7762e1961fc11804729ff0cef9679
image2.jpg,b926642d5f384c7de1f132f376dd98c3b8b38076dec7a515608d29e34f263e2c
image (41).jpg,568649e3bec7fd95f8b74853d98fc488d64461b2264135ed90b19278771369a3
image (36).jpg,fad799f492872b14c6712149b1145a82fe6b4add4fb2727dc7fee49de3ac2d44
image (3).jpg,c19f5155535260d53beb12d9a9299a1887a57b020f557bc72b65a2bfe7bb92f8
image (62).jpg,35dfc1aaf80d86a9e2b4fcd790cd2a0e22dd03881626f1602dd9ce514bc6332a
image (22).jpg,19d194c92e754b0383027404094ba6d89a10eecf0a03586b074e17e571fc1d57
image (80).jpg,8a621b11d1bcb540bf28cc7ec1a49e818abf176e2914e1f8f1a4416687608aea
image (63).jpg,b8d36796899e49b08626bbf59dfe48baa19bb0b1f79b8d5bae1a2b892085c3b3
image (10).jpg,c80386b7eead8a441c99e3837a4ae5644e2eae61032c112e40a05949a4b34d51
image (2).jpg,b4a92b0929d95ace0a40385bfde7580b0c5833a668e1a79f16e2263536c569e3
image (86).jpg,5bffead685df497d89ef894859c739814a687b45b10beca0172ac8e3e34ebe8a
image (9).jpg,672c0d0221da333b666bd5c7cfaab56eef932c60723cdb2e395703a9b63efd39
image (49).jpg,1f89c9e694455fb560c8c031c6260689beb012116b8b314cfc223a237a800e8f
image (4).jpg,fac2eb8b0c9d8ec8eeb7881294327e212afa7a305e76352845d8dcaca1be11be
image (59).jpg,4caa27edebeab1ec4081e9bd8005e552bc57db0bd2c44c11ff3d3e1bf6a2b750
image (18).jpg,e5c251f3f19bd338ec0b046dfcee0ac121e4c064f8d86cd138d14a0b8febd03b
image (7).jpg,919085c6f4e2dd346508de213219afecd022eadd73cdd9b905ced96e235f5f66
image (83).jpg,f6faf52d3c404986589b099909863e6f61def39a844279e9c9fa82b3b744749d
image (30).jpg,0193ef3bbbf615df8373fd0a3e077c16d0cef7835230e05b5067a71b547aab27
image (56).jpg,7548e78c44ac2ccc010890e4fe8043ae68f57bf8fea67fd5e937375d47bac5b8
image (25).jpg,b5893da26fb16cc800353c04a0e78edac9889d69bc7071a6d91ce26745132f33
image (12).jpg,da3cf7d2a84f5a3d9e6557c352199d08396703063f36c4f59247fe86322b1d83
image5.jpg,0c3cc96ae0da8098a6ba2d6a28d8fc8737ebd454c8f8b6b49d122e5a402f4e70
image (31).jpg,4c1e948aeace007a4ee239b8b9191f86b2d9d3fe0f6c73129f170d15abd8e1db
image (8).jpg,b7d3b2258384b9a58ff531ead975661ce087f247193ed16a7c1d8bf7abcf3c41
image (72).jpg,d2647512e75945ac67cdaccca8fe4394c64c2e79b29d9053c640354536cf5704
image (61).jpg,4873beccb60b324f025f482bbd2d6dd3bd9bdf77c9d002942db9b3bbe8abc575
image (26).jpg,5df295012d9ecf67c3205a16e02356770f8131ecc90cd0e8b1c3290c554ef2db
image (64).jpg,f4ac15b2c58c7975901ae592439e350a621ef973d76ac55b6ae0fd7d0ab5091a
image (42).jpg,86de060ea98faf8c54a58726739d3d72bbe2ad741beadbecbe470714dfa575fa
image (81).jpg,ed69fc74cef2e55908582f8a642b11795633d7637438cdac4829db876614d24a
image (20).jpg,0332001f0e52eb97ca41b5ac2bcbbdf511afc85534712222af8d1a76cd088053
image (43).jpg,8059621719134bfb1c3fd8189f6e447eba7d8b8d482e8e0fb2e1d632d6fd70f6
image4.jpg,855011d2369dba3c7791f82265a35cce20cfecf3d7789d92c4cfab89a862e930
image (65).jpg,7b505772887270a6e32035fec57e42d01de441b24f0b7adc94a23966bd1f7666
image (16).jpg,5b3a7d8c8ce2ad10e9061f70bb3a5721cfbeed8cb169ce26efe5517cc60fca44
image (14).jpg,a742d7a60d89350cd9428fc57891e44a8581f44618cacc4e8acf2c330c41cd58
image (85).jpg,86128b48ee964e04948ccf223bcdfbce306c3d2bcfbf7345b9b9540fbb81fc7c
image (71).jpg,331022057844c665bf8ab0837d2ea8996da6c026c7fe3cf058e19b365e5015d4
image (50).jpg,7356fb8916b74faca3a62b357d9b18d5b39e8bfd892280594d1bd2593756e73c
image (53).jpg,06160de406bd66a2f10544b9b8abf1e384581ac95f1ab120d2d0a7c7e4d827d3
image (15).jpg,d67d3842d007a8bd18f1f7c440aa4eeb3c36b3a26267813f7724975429a53a57
image10.jpg,3770c661e85f598e119760c2e8dc4e38c12d290a7c8398bdb5a39589a3b353b8
image (66).jpg,7900ca45797299f6c73384d9f69347c9a094a2c18993709c76635ece6bac45fd
image (28).jpg,c00349e94b6462b2bf83902087c4838e91a566f537b6afe13b0f6075fb2ba3c9
image7.jpg,049246775c4fd49c85e21024a93ab1052d0a493e39cf42a943edd4e87a645020
image (78).jpg,b3ec6acd2bd822aae242741f477c0bc45a9b5eca2c8135c258a8447ed2366c83
image (23).jpg,4c652eb3ef4c4029a7789aa5537b73fd15ec4094c1ec4e5cef879ebe32a1a7d6
image (58).jpg,6b472ebbe9ca83aee18ff99286eea1c3486d95bdf654fc86fe3062827a1dcd1d
image (67).jpg,d62738c57dd89b575a39dd910d77f465c185e74b83635c4f8420fabe02c27e95
image (46).jpg,e91e49256991cabe5823412af75c823d6bae1bab0fe5d2a9be3d62d80c753710
image (35).jpg,c546ba84130c86f8b0b77d1df977d037c1568a2a83989d2825e5950f9154998f
image8.jpg,78a8528bf716d6e610a25166a0a5b14a4c98e5f8ce5b20c6e5426bba6919cb86
image (60).jpg,7aff64ec3cb489eb7ea2a18155a41419d1928f99f9084b6ad184fb63273c8b24
image (76).jpg,a43c4c7196877c26f8c675d146640beb6d6104b6ee8c2221b3c409be3a247855
image (32).jpg,16a827cea4a40de1c4899bc959c42c52e4720fd8200e6cd2c98aee43c0d421e1
image (38).jpg,316aa28bacf7118a8f30faaae7b604d0c1038efc0aa88cf8061cf7f81acd6a29
image (57).jpg,d208a39aad8d2ea6229cc3b0b975181b98ed668a672ec3589758547b501fa4a3
image (24).jpg,7e02cb3575d60982583740a32eb6b6b05ec491ee68a3318fa4737f7dafa8840e
image (39).jpg,a6b5a2e8735a75f28bde002db06403358cd2054b00653127637ded426bf0f370
image (21).jpg,0297daf1cdcb96fc85ce9c278876ce1ee3843064e2395d4a2f21f7d66e2cb6ec
image (75).jpg,acf3ad39a3cf5b71c8d5aafdc0d4d3bafd412128c12376389463af88ca8e93fd
image12.jpg,70f4a5494370f4b77fb470cb468f609b6591478cfd8b448f49b58f6bf04ee140
image (51).jpg,8cfe512abe60564adac7406a3c5ecbb7139e3cdb13215bd109603464d74698e9
image (77).jpg,254a50b2912dd9b5045aa092d6196845b9f2457e9c3c4f595039288d2e5d7bf1
image (29).jpg,ee5bd15272215c964b314eac147830ef4d2f0f4e922d288fb2aceb51cf0f1986
image (45).jpg,fc125f331fecd221e09be6680ce6c4f3c1cd953474a0f45ba77f5c418bbc318d
image (88).jpg,52db6a7e340bd54dea66be4bd305fc427560baee571602c0aa628b963eead1e7
image (27).jpg,b659d6396a9f6bdef982913e8a67f428cfa7c86bde8e3967559b91b171ffd7cf
image (6).jpg,cd13a2b1cfeb62dd4532066e6682461b88f47c8630b8fe51999d98cf7c99239d
image (47).jpg,b962a19d16d60d2a1a5dde500795e76f422d806e22293b3979294a1e5b5602e9
image (17).jpg,c1009b0607c77c9f94d3e18063b911a86ce9c54d270e1bd1ad242d515b439a59
image (68).jpg,26b4d5f957d1fff2246ee9751eddac46511c0d316e1422a612954a4f2cd4bb68
image (11).jpg,7d5aa299cda7d54d66f6896db6a0a20ed5b7f82fd812cfee72b04b19efa993ea
image (52).jpg,236f5f9319bbda3e2032efd839dbca44792c909ed1f41533cddafc4ec455f053
image13.jpg,01dfa2e0e6fb3640e5f26bedb74588330bd3520b6ea5b226386fa31bd68e9f68
image (48).jpg,c201e7c0d3961f67f1ac8500a4dac7f09f918546f657026ddef8c62f01a1c61d
image (79).jpg,7385013b0cf64228aef7b06ae153f941e8a25dc048f201defdeab6279ecfeb95
image9.jpg,b797466621cbac1abe1a9cd1b11dd64aab38af8db7cfda7ff99c26daa1e83505
image (19).jpg,3c3ca1d6dc5ce848a5e578d88009fd1285159a8800bb4db8a94fa4705f1f1bdf
image (74).jpg,98ff3163e988dcbbdc0cdd76cc71b3a2e48de0f4a4249792d12286df66fa12e1
image (13).jpg,68b0e1b9d1e8d3f73b57adb15acecb683419a88ab44ddb392da65613b1707237
image11.jpg,4e5dbb462ffd41420a25eaa516780fe888df4bf2271fec94e7a4ead6617ea488
image3.jpg,dde8b80e553e9a53565d4266308b2aabbfa5e19b9f17b16c6338e37cae483c22
image (40).jpg,0b4b4e836d2d4346bccdf8ac0c5f4d5ea686d94c4b64c0eb8111e2a05de3b93f
image (73).jpg,59a2a743aa2f0876238213319d19324e6dbdc49a3f0e26ca79d2739de09b10a2
image6.jpg,1000928666400c72771db1e04434d4956c426781a669f5b9d76992b361a0f553
image (34).jpg,5b8423deb52cc6cc2372c2c96394ac1dd5b4b2eb154d8f44238c6d67e5f82013
image (5).jpg,59540e150422e7f88fe4c92797b2f46e19d7a52720d08b34860da3adc5a3fda2
image (69).jpg,b2e94e1fa004177e5c6b439beb5fa316e81ac74d68bf3326c881394f918d16a1
image1.jpg,0f39d9b92503f68d125918f5178eb709f755479408bcc699dca5ccff3538e94e
image (82).jpg,1b6f328b41b5261ce78a4f1181208df4b155bda51c0d6f8bf7b429429d935dd1
image (54).jpg,5a5551ba8607d78abfa03355ed0a07c5e0c9afd82250ce4aa973e1d4ff5236e8
image (44).jpg,eb3ab54a2a5dab014fd2f3b5d59dd7ce84beeb1c0494d105409e3734bb5ba754
image (70).jpg,d280ffe9c4fcc89658c993ae89e3b7febcd737a97741b2e75b4c10956b84e661
image (55).jpg,7155ea7f6c50de20724d6a0b9b4f9f37246b1b541c9f41cff2b9422f38de694f
image (37).jpg,0d2d64c2ffd39be849e4ad2228aa02d56d5705969385ce1638cd6ccdf8b537b8
image (87).jpg,cb4fd6554567d316bdc0acf00e7cf3def0b592d002933d1a38870a8cea37fe10
image (33).jpg,794711c920b6f7ea0757ae4e8ce37cfab8d30f8816d7666848c424672de409bd
image (84).jpg,41e2160e2c426abbc7688ee0d642ebf4cea7762e1961fc11804729ff0cef9679
image2.jpg,b926642d5f384c7de1f132f376dd98c3b8b38076dec7a515608d29e34f263e2c
image (41).jpg,568649e3bec7fd95f8b74853d98fc488d64461b2264135ed90b19278771369a3
image (36).jpg,fad799f492872b14c6712149b1145a82fe6b4add4fb2727dc7fee49de3ac2d44
image (3).jpg,c19f5155535260d53beb12d9a9299a1887a57b020f557bc72b65a2bfe7bb92f8
image (62).jpg,35dfc1aaf80d86a9e2b4fcd790cd2a0e22dd03881626f1602dd9ce514bc6332a
image (22).jpg,19d194c92e754b0383027404094ba6d89a10eecf0a03586b074e17e571fc1d57
image (80).jpg,8a621b11d1bcb540bf28cc7ec1a49e818abf176e2914e1f8f1a4416687608aea
image (63).jpg,b8d36796899e49b08626bbf59dfe48baa19bb0b1f79b8d5bae1a2b892085c3b3
image (10).jpg,c80386b7eead8a441c99e3837a4ae5644e2eae61032c112e40a05949a4b34d51
image (2).jpg,b4a92b0929d95ace0a40385bfde7580b0c5833a668e1a79f16e2263536c569e3
image (86).jpg,5bffead685df497d89ef894859c739814a687b45b10beca0172ac8e3e34ebe8a
image (9).jpg,672c0d0221da333b666bd5c7cfaab56eef932c60723cdb2e395703a9b63efd39
image (49).jpg,1f89c9e694455fb560c8c031c6260689beb012116b8b314cfc223a237a800e8f
image (4).jpg,fac2eb8b0c9d8ec8eeb7881294327e212afa7a305e76352845d8dcaca1be11be
image (59).jpg,4caa27edebeab1ec4081e9bd8005e552bc57db0bd2c44c11ff3d3e1bf6a2b750
image (18).jpg,e5c251f3f19bd338ec0b046dfcee0ac121e4c064f8d86cd138d14a0b8febd03b
image (7).jpg,919085c6f4e2dd346508de213219afecd022eadd73cdd9b905ced96e235f5f66
image (83).jpg,f6faf52d3c404986589b099909863e6f61def39a844279e9c9fa82b3b744749d
image (30).jpg,0193ef3bbbf615df8373fd0a3e077c16d0cef7835230e05b5067a71b547aab27
image (56).jpg,7548e78c44ac2ccc010890e4fe8043ae68f57bf8fea67fd5e937375d47bac5b8
image (25).jpg,b5893da26fb16cc800353c04a0e78edac9889d69bc7071a6d91ce26745132f33
image (12).jpg,da3cf7d2a84f5a3d9e6557c352199d08396703063f36c4f59247fe86322b1d83
image5.jpg,0c3cc96ae0da8098a6ba2d6a28d8fc8737ebd454c8f8b6b49d122e5a402f4e70
image (31).jpg,4c1e948aeace007a4ee239b8b9191f86b2d9d3fe0f6c73129f170d15abd8e1db
image (8).jpg,b7d3b2258384b9a58ff531ead975661ce087f247193ed16a7c1d8bf7abcf3c41
image (72).jpg,d2647512e75945ac67cdaccca8fe4394c64c2e79b29d9053c640354536cf5704
image (61).jpg,4873beccb60b324f025f482bbd2d6dd3bd9bdf77c9d002942db9b3bbe8abc575
image (26).jpg,5df295012d9ecf67c3205a16e02356770f8131ecc90cd0e8b1c3290c554ef2db
image (64).jpg,f4ac15b2c58c7975901ae592439e350a621ef973d76ac55b6ae0fd7d0ab5091a
image (42).jpg,86de060ea98faf8c54a58726739d3d72bbe2ad741beadbecbe470714dfa575fa
image (81).jpg,ed69fc74cef2e55908582f8a642b11795633d7637438cdac4829db876614d24a
image (20).jpg,0332001f0e52eb97ca41b5ac2bcbbdf511afc85534712222af8d1a76cd088053
image (43).jpg,8059621719134bfb1c3fd8189f6e447eba7d8b8d482e8e0fb2e1d632d6fd70f6
image4.jpg,855011d2369dba3c7791f82265a35cce20cfecf3d7789d92c4cfab89a862e930
image (65).jpg,7b505772887270a6e32035fec57e42d01de441b24f0b7adc94a23966bd1f7666
image (16).jpg,5b3a7d8c8ce2ad10e9061f70bb3a5721cfbeed8cb169ce26efe5517cc60fca44
image (14).jpg,a742d7a60d89350cd9428fc57891e44a8581f44618cacc4e8acf2c330c41cd58
image (85).jpg,86128b48ee964e04948ccf223bcdfbce306c3d2bcfbf7345b9b9540fbb81fc7c
image (71).jpg,331022057844c665bf8ab0837d2ea8996da6c026c7fe3cf058e19b365e5015d4
image (50).jpg,7356fb8916b74faca3a62b357d9b18d5b39e8bfd892280594d1bd2593756e73c
image (53).jpg,06160de406bd66a2f10544b9b8abf1e384581ac95f1ab120d2d0a7c7e4d827d3
image (15).jpg,d67d3842d007a8bd18f1f7c440aa4eeb3c36b3a26267813f7724975429a53a57
image10.jpg,3770c661e85f598e119760c2e8dc4e38c12d290a7c8398bdb5a39589a3b353b8
image (66).jpg,7900ca45797299f6c73384d9f69347c9a094a2c18993709c76635ece6bac45fd
image (28).jpg,c00349e94b6462b2bf83902087c4838e91a566f537b6afe13b0f6075fb2ba3c9
image7.jpg,049246775c4fd49c85e21024a93ab1052d0a493e39cf42a943edd4e87a645020
image (78).jpg,b3ec6acd2bd822aae242741f477c0bc45a9b5eca2c8135c258a8447ed2366c83
image (23).jpg,4c652eb3ef4c4029a7789aa5537b73fd15ec4094c1ec4e5cef879ebe32a1a7d6
image (58).jpg,6b472ebbe9ca83aee18ff99286eea1c3486d95bdf654fc86fe3062827a1dcd1d
image (67).jpg,d62738c57dd89b575a39dd910d77f465c185e74b83635c4f8420fabe02c27e95
image (46).jpg,e91e49256991cabe5823412af75c823d6bae1bab0fe5d2a9be3d62d80c753710
image (35).jpg,c546ba84130c86f8b0b77d1df977d037c1568a2a83989d2825e5950f9154998f
image8.jpg,78a8528bf716d6e610a25166a0a5b14a4c98e5f8ce5b20c6e5426bba6919cb86
image (60).jpg,7aff64ec3cb489eb7ea2a18155a41419d1928f99f9084b6ad184fb63273c8b24
image (76).jpg,a43c4c7196877c26f8c675d146640beb6d6104b6ee8c2221b3c409be3a247855
image (32).jpg,16a827cea4a40de1c4899bc959c42c52e4720fd8200e6cd2c98aee43c0d421e1
image (38).jpg,316aa28bacf7118a8f30faaae7b604d0c1038efc0aa88cf8061cf7f81acd6a29
image (57).jpg,d208a39aad8d2ea6229cc3b0b975181b98ed668a672ec3589758547b501fa4a3
image (24).jpg,7e02cb3575d60982583740a32eb6b6b05ec491ee68a3318fa4737f7dafa8840e
image (39).jpg,a6b5a2e8735a75f28bde002db06403358cd2054b00653127637ded426bf0f370
image (21).jpg,0297daf1cdcb96fc85ce9c278876ce1ee3843064e2395d4a2f21f7d66e2cb6ec
image (75).jpg,acf3ad39a3cf5b71c8d5aafdc0d4d3bafd412128c12376389463af88ca8e93fd
image12.jpg,70f4a5494370f4b77fb470cb468f609b6591478cfd8b448f49b58f6bf04ee140
image (51).jpg,8cfe512abe60564adac7406a3c5ecbb7139e3cdb13215bd109603464d74698e9
image (77).jpg,254a50b2912dd9b5045aa092d6196845b9f2457e9c3c4f595039288d2e5d7bf1
image (29).jpg,ee5bd15272215c964b314eac147830ef4d2f0f4e922d288fb2aceb51cf0f1986
image (45).jpg,fc125f331fecd221e09be6680ce6c4f3c1cd953474a0f45ba77f5c418bbc318d
image (88).jpg,52db6a7e340bd54dea66be4bd305fc427560baee571602c0aa628b963eead1e7
