Block Number,Hash
1,00000bc30b0cfca65996f97c8709208f3fbe0d35e0bc9330d30d4353dadc0079
2,00030403ef6ce0dbd78bca85e7e6353fd7abdcd2fb9d5574f53b4243ea8263df
3,000005d9d7e3554190d39c1a6b3ff692643b05f6d5d35ca31ed50702a393e789
4,0003c3f87ddbc22550ae503686c42339580ccdc8ad12d2a9f83e5e5ff49b1fac
5,0000029e769c2375deafbcc7e0016ff407015a1dd06fedbbb4bb1659165b10f7
6,00000a6ae46927cbc3ebb293eb9b0a1b52b1f29e05ff0c679bd5d97ecd3b82b5
7,0000942a7fad418a4e5bce7fec77c9e8e9f71ffe9bc2f68e567b860aa58bff67
8,000005fd7cdb8283fdbbb2b11bb256676c2540983959c33aadd9fe365b499022
9,0000d4ae8d17e090e8e6aaac04596c4236599367bcbcc788a34b3b6e8c928834
10,000033e926468d25bc4d0af4024705b761c009d3cca8989a15cb7d777476d09a
11,000c73f00d808fc68041e37ec3249e5d9b1f1f85ad2ea8d33f142bbaa524684c
12,00000294a2a6ab77be39a1865012f4848789a6063e364a94cccf0e6b32054be6
13,00000e1c6e32bbdca565ceab58952e24e40ec40025450b7c7ee01adc2091869f
14,000006f17a292b446f41bcb355c26a773cc9639e60f9e599dd165b2448755351
15,0000095e058dd816bb0088a304e1e577f000b72890ef8c5d08f458cc5308f0fb
16,00008e72f0f36ab64045e4da5940f196cb760f5165c9a8b5570a7cfb34a0e9a1
17,0000316f408eebf8a694093df1965b239a773d5ecbaae54eb50a16f08ea2286a
18,00000296cbd7cc7d003c2c0dfef61fcb107167e76555f39c8c847ddd086c1434
19,000eb28fd84575a0686d54a7b8a97d1f436534cb97204387bca043caade40900
20,000891f4b64c5aa7e66caa780469eba3a4c7489ff3bef6fd9088f0cce29aae0e
21,0000f50051d04b3b68c1b4f4058b5d21c6c0c024c546b1fa50567f99edf62949
22,0000f7878310bb4eda947a85d6dbbc00446242ef8091ddb84610bbf27ce83d88
23,0000feb41c06b32a9586c220a876d305c88e63b175d4a8f8423c2219f164e784
24,000009c8948bff1e659c1876c22c0124f67a4b05c4810e44a0e953f805f5cb9e
25,000001425fd72076b2484a621249ac188c2cf99a8317e506467d70ef33e78858
26,00000890c804a7f02a32bc59d56ecd2213d1043064db5542676efefa09ab8d84
27,00000ab2f143e0ce6a541a545f750d452159f5c7b5bf4f9b6156845da799d217
28,0000f7c836c90a8afcf1878f6241fcffe775f7ce4d00b11bdb38ab44530e1881
29,000008e689c4973fc94e43f828c8c7eb1ee4f600bffb4ec9c65643625e8dc86b
30,0000228c0a2cf4d58ab33e9bfc64132f25e901c8a160cee04d160bb28066e90f
31,0000b608743667e4484a91cb67ea3b68efe08e94477e4f6781bc67f1283ae0b7
32,00000e2993cbdeff1beb12e7fb6822437988be9ceeaf5d2acab2b6cba3f233a1
33,0000035a3f276a137c05a1f070f7859003b480fe300d25adafc4294e85a351d5
34,00001f69015c82a2500ea7dfe2e0c4236341f1b440bf0be73e38f7f090054ac0
35,000f702aa8875301a1189b27e96f29cce061e2bbbcc14ef7a1763769c1065132
36,0000d41f8c61c3758a6acdd96a95490267faf768722f555d43f5af03ab0cfa66
37,0000051615f5924b661ef39ef005e068081c8302adb2dcd6bdf15592081a523e
38,000c6c2cfebcbe94c14691c156b3d03fd4aa7fadd0f9a83d0f528c8abd9fc8cb
39,0004836a32bfdbda2c59666fb5b98ea370ef814e8754e6ffd3c66bdbe36a672c
40,00035deddf3ceb349168e3c267c97ad4e1cad1976efd65f77fcf0d8af7620645
41,00000b2cfa8bd96b2e2aed47a971f55b0e2480c2d2640c5074b8db0181394b1d
42,000005a8b66abf79edd0a33f311c3406aef493c5a5d34dbe85529f045dbae856
43,0000045fb6e8dd89074ccc44edb688856aa5b1543769ec01510640c305f090bf
44,00009356dccebb611f5027e07db59a7a6c434799988d51763424952e0e529da1
45,000f8bb31e80472ebd4c532e61ea0c3e3cf7b73cb75cf095cd0efe7cfd09e3fa
46,0000f99646cafda94c927705c5c3c66bebd8c5aebd97d7add39af1d21767fe6f
47,000f1ff78265ed850aacc46f3b8390de1d1dd96dd8d171abe78abc4a2deec10e
48,00000aef7ded812cedb0c667d9a0ef2da74dd19003228c12e9d8015f225d3591
49,000007b6741a50d934edfb9ecc395cb950518f0f70f9a982f04b4583119bd376
50,000bae18e342dfdd9c0757f73626478936fd7289334a112beccb6fe38eec6dfc
51,000087bd250d22f1dd8da69650e976bd7b21e79b6db14a6d22dc44f0484436ac
52,0001875a48ad6d5581bf2324b7574d7bf6868ae97c599b6d38d93e213c9e5354
53,00006214a37a4f885270122e1e092a45626e75186c19a6ea6324e3262e799390
54,00000cc1777d2836bfd1f4e9add49e292635e467043edb8283a36ad4aa2eb0e3
55,0004c38c95de630b6e872bf7f25481aeee731d06a41983535e8ccc10ce74583f
56,000a4a3bd79bc56997c60c54cfc37e0c505aeda973c28936aa2d66bb4f2d88a6
57,00012fb776224c89dcc52ebdbdb5c2ed704181546780070ff8654348e01c90b8
58,00000aa54b1ceba32065c20ffc9f69c8008211e14d6a54cba9446968bc213275
59,000094b5f8d10c3cc9de8c380e90dbf621a95b78b5ee142c23048015eab01eff
60,00001799c07725f22240e29af969a79afbe69f765e7bbd91efb1f83c825bf917
61,000002b0fca26a92ed0d009bf594c9588bdb02f33fba259aea10b96923c83690
62,000003000c25947dff4e7a0984c71f63029f7fa469beb3a531a97c46b2241009
63,00000754aa5d8cd2b079822b86777cb5efd5efab92f32673a693a516f812536d
64,00002582c56ca51d9e8c10ca70e8dd1f19b181602eeb40c6fadae0bd66d37c8e
65,00000f8d23d4ae72617d526e61c54890d7c9b8312c11cfb62860cd771f4afa79
66,00002b9b3eae28a1765c273687639e5aa5932c2980bb2f093d61898b468a6680
67,00059216236690e552ed0cf7c01562e603371fd800e14cc66dc30f60c41563ff
68,000edc125478be20483c70da17c1367504f75d60f4895f7714b9a1e4090e1e17
69,0000d896807bf3b23ce482ca78b9a103209127dbb817d929a1f238e91fac655c
70,000a223e0917e71ff2eafbedd56fb90c42a96f0bc60840d1588830d324504048
71,00000262a5ae76dc8cac70dcd49ad50d85643c2c1d2210ff55dffc51635f2595
72,0000078ca8138513e8002d2c0a254183a1a36bb856581d927c302d94256f4e59
73,0000e8006713c69e9f4a29531a745a278d07d832896118a8d72fc65092ef6f58
74,00000acf1b726606c8c465a6bded2f3df8bdb6ba61a754a4ca2abc88390628bd
75,00000c04db4f947bd2b717af5868244d0eb58c6e859d1a46eb430fe99d4a57d5
76,000903c9bedcc47755e6b7e8227ca04f52c3b8276ed47a0e6ceaf507cfdf70df
77,00008886006c7769fe7539f78238b50a0d6abefb782e85a470b6f0e988893728
78,0000a443254e22eaee57396d29934a719bb59adc87157000e4e71c407ae1eb21
79,0003949526520e0d8930599edfb44dae37d9e5d9a26b52ea06476f5f7bafb66b
80,0000e22b279ad8721c4daf9082d13690f562320c9f702e2d511632e4a25fa8d3
81,0000efc7cdeb1945599f2f978daaa780a5aa5cc65f6cb452bc8913910ac6523f
82,000001f36a72eafd577ab0183eb93082d036c8d09fc1ad8322526fdc76ff77c4
83,00000eae74cf07e5f95e1a2a61c9ecf01fdc6bf2043f5943b408df88c394f93d
84,00000c3784638bf414e71cf20909409016995b665527c0412edb4942ed8bcdb5
85,000fb20864ed5d1dadf5db6608ce338a0b821835cd9578639b6109a8035680cc
86,0000e986b5b7ea0baccb32420ec6c8441163e5fd38fe72f53e8316c7cee890af
87,0000974eb0c8e6e9e52d854c995a2039d35a5791df07c58dc6b3737820e05fa1
88,00000e6929d997eef83c578bee4bc7a37944b10bb73b423d29d0e82b77f9c8af
89,0000b5af98c455781a623b3eb506fd8ae089f269d3fe6903755ba3cbb8e6da86
90,00000291ee076565249374b69b3f9ef4eacd47fbc8cacd6d50a72c2d1458e27b
91,0001b746ecfd7b23ddbec0fe7e9e53e46f1cbbd9f930bbc8a5a2cdebcc4899b5
92,0000721c52a50ea6dafda1a00099f15b510f8753e8f8cc3319cfdea81c96a291
93,0000076f0209a278881d951f085c7fc9eeec7611ff11bf53433a97ee1499fd83
94,0008b82c9b57433062cb6888ba5e8d9a8263493859320d2492c7325a09b033bf
95,00000242828f886e58cdf1ea28fd2a0f01324d10cbbb487ab7aff75c6759a258
96,00000dd9f8854321008abe627db61f7956f1ef460a62ed0bea8e312920ba11ec
97,000ada3d4ef4bd70973a1c3e7c5f5f603c1fe38bf9f64387aa2c0db966c3cd74
98,00007de4c4da029686d731757e36ff70a127f33e2db6294b25484c866dd5782c
99,0000fbd9b220bf81b192625b861ce0f158743facde7b02204507e161a487a0d6
100,000022a8083142219437946f67662b8152dfd18036bde5f2868430f261153933
